"","Afatinib.down_Neratinib.down","Afatinib.up_Neratinib.up","Afatinib.down_NA","Afatinib.up_NA","Neratinib.down_NA","Neratinib.up_NA"
"1","Aacs","Abca2","Aff2","Abca1","Aaas","Aamdc"
"2","Abce1","Abca7","Ago2","Abca12","Abcb1b","Abat"
"3","Ablim1","Abcd1","Ajuba","Abca5","Abcb9","Abcc12"
"4","Acaca","Abhd14b","Ankrd13a","Abca8b","Abcf2","Ablim2"
"5","Acat2","Abhd18","Arhgap31","Abcc3","Acsl5","Acad11"
"6","Acly","Abhd3","Arsj","Acer2","Actl6a","Accs"
"7","Acot7","Abhd4","Bmper","Acot2","Actn4","Acot11"
"8","Actb","Abhd6","Bok","Acot3","Adam12","Acot6"
"9","Adamts14","Abtb1","Cav1","Acsbg1","Adam8","Acsf2"
"10","Adamts9","Acaa1a","Cavin1","Acy3","Adamts1","Acsl3"
"11","Adat3","Acacb","Cbx5","Adamts6","Adcy7","Acss2"
"12","Adgra1","Acad10","Cd24a","Adamtsl1","Adgra2","Acta2"
"13","Adgrv1","Acad12","Cdc42ep3","Alg1","Ahsa1","Acvr2a"
"14","Ahcy","Ackr3","Cobll1","Amigo1","Ak6","Acyp1"
"15","Ahcyl","Acot1","Col16a1","Ang","Akap6","Adam11"
"16","Aimp2","Acox3","Col5a3","Angptl4","Aldh18a1","Adam15"
"17","Ak2","Acp2","Col7a1","Apol8","Alg13","Adam19"
"18","Ak4","Adck2","Crybg1","Arsa","Alg3","Adam5"
"19","Aldh1l2","Adcy9","Cyb5a","Atf3","Als2cl","Adamts4"
"20","Alpl","Adgrb1","Cyp2b13","Atp8a1","Amd1","Adamts7"
"21","Alyref","Adh1","Cyp3a41a","B3galt4","Amdhd1","Adamtsl3"
"22","Ankle1","Adh7","Dcun1d4","B3galt9","Amigo2","Adamtsl4"
"23","Ankrd1","Adhfe1","Dlgap1","B3gnt5","Ammecr1","Add1"
"24","Anln","Adrb2","Dusp5","Batf2","Ampd2","Adgrg5"
"25","Anxa2","Aebp1","Eefsec","Best1","Angpt4","Adgrl3"
"26","Anxa3","Agap2","Efcab5","Bglap2","Angptl6","Adra1d"
"27","Anxa5","Agbl5","Ehd4","Bmp7","Ankrd26","Afap1l2"
"28","Aqp5","Agmo","Eml1","Btnl10","Ankrd27","Agbl3"
"29","Areg","Ago4","Erc2","C1qtnf6","Ankrd66","Ager"
"30","Arhgap11a","Agrn","Fgf13","Cabp2","Anp32b","Agpat4"
"31","Arhgap19","Ahnak2","Garin1b","Cacng7","Anp32e","Ahdc1"
"32","Arhgap22","Ahr","Gcat","Casp4","Ap1s1","Ahnak"
"33","Arhgap29","Akr1b10","Greb1","Ccl5","Ap1s3","Aipl1"
"34","Arhgdib","Akr1c14","Gsta3","Ccn5","Apcdd1","Ajm1"
"35","Arid5a","Aldh1a1","Havcr2","Ccrl2","Apex2","Ak1"
"36","Arl5a","Aldh1a7","Hbegf","Cd247","Apobr","Ak5"
"37","Arxes2","Aldh1b1","Hck","Cd274","Aqp8","Akap7"
"38","Asap2","Aldh3a1","Il1r1","Cd33","Arap3","Akap8l"
"39","Asf1b","Aldh3b1","Insig1","Cd34","Arc","Aldh1l1"
"40","Asns","Aldh6a1","Kcnh1","Cd47","Arhgap18","Aldh4a1"
"41","Aspm","Alpk1","Kcnk2","Cd74","Arhgap33","Amy1"
"42","Atad2","Angpt1","Klra1","Cda","Arhgap9","Ankrd28"
"43","Atad5","Ank","Lca5","Cdiptos","Arhgef39","Ankrd35"
"44","Atf7ip2","Aopep","Lgals1","Cebpb","Armcx6","Ankrd37"
"45","Atp2a3","Aox1","Map6","Ces1a","Atf4","Anks1b"
"46","Aunip","Aox4","Map9","Cfh","Atf6b","Ano3"
"47","Aurka","Apba1","Mdh1","Cldn2","Atic","Anpep"
"48","Aurkb","Aph1b","Mid1ip1","Cma2","Atp10a","Anxa1"
"49","Avil","Aph1c","Mmab","Cmpk2","Atp13a4","Anxa8"
"50","B3gnt3","Apod","Mmd","Cndp2","Aven","Ap3b2"
"51","B4galt5","Apoe","Mob3a","Col12a1","Awat2","Ap3m2"
"52","Bambi","Apol9a","Msln","Col1a2","Azin1","Apbb1"
"53","Bard1","Apol9b","Nebl","Creg1","Banf1","Apc2"
"54","Bcar1","App","Nipal1","Csf1","Bccip","Aqp11"
"55","Bcat1","Appl2","Nnt","Ctbs","Bean1","Ar"
"56","Birc5","Aqp3","Nr4a1","Ctns","Bend3","Arhgef15"
"57","Blm","Arhgap24","Nrp1","Ctsa","Bhlhe22","Arhgef18"
"58","Bora","Arhgap45","Oxct1","Ctsd","Bop1","Arhgef19"
"59","Brca1","Arhgap6","Pdgfd","Ctsh","Brca2","Arhgef25"
"60","Brip1","Arhgef33","Pdlim1","Ctsl","Bzw2","Arhgef9"
"61","Bub1","Arhgef6","Pfkfb4","Cxcl10","Cacna2d3","Arl4c"
"62","Bub1b","Arrdc2","Pkp1","Cyp4b1","Cacng8","Arl6ip5"
"63","Bysl","Arrdc3","Plagl1","Dab2","Cacybp","Armc2"
"64","Cad","Arsk","Plcl1","Dapk2","Calcrl","Artn"
"65","Calm1","Asap3","Pnma5","Dcn","Calr3","Asah2"
"66","Calr","Ass1","Prkar2a","Ddx3y","Car12","Atosb"
"67","Capns1","Atg14","Ptprb","Des","Card10","Atp13a3"
"68","Card14","Atg9b","Pwwp3b","Dhrs3","Casp8ap2","Atp1a3"
"69","Cbln1","Atl1","Rab30","Dhrs7","Ccdc18","Atp1b2"
"70","Cbx6","Atoh8","Rab32","Dhx40","Ccdc88c","Atp2a1"
"71","Ccbe1","Atosa","Rgs2","Dio2","Ccdc91","Atp2b4"
"72","Ccdc34","Atp6v1g2","Rimbp2","Dmxl2","Ccl17","Bach1"
"73","Ccdc86","Atp7a","Ripor2","Eda2r","Ccp110","Bbs2"
"74","Ccna2","Atraid","Sema3e","Efemp1","Cct3","Bbs9"
"75","Ccnb1","Axin2","Septin9","Efna1","Cct6a","Bcar3"
"76","Ccnb2","Azin2","Shh","Eif2ak2","Cct8","Bcl2"
"77","Ccnd1","B2m","Shmt1","Elapor2","Cd200","Bco2"
"78","Ccne1","B4galnt1","Slc25a10","Eln","Cd276","Bhlhe40"
"79","Ccne2","Bbs10","Slco5a1","Enpp4","Cdca4","Bicdl1"
"80","Ccnf","Bbs4","Smpd4","Esrrg","Cdca7","Bmp4"
"81","Ccnyl1","Bckdha","Snca","Eya4","Cdca7l","Borcs6"
"82","Ccsap","Bcl2l11","Sqle","Faah","Cdcp3","Btbd19"
"83","Cd300lb","Bcl6","Srebf2","Fabp4","Cdk2","Btbd2"
"84","Cdc20","Bdh2","Stk39","Fbxw20","Cdsn","Btbd3"
"85","Cdc25b","Bhlhe41","Syne3","Fchsd1","Cdv3","Btbd8"
"86","Cdc25c","Bicc1","Sytl5","Fgl2","Cenpx","C1qtnf1"
"87","Cdc42ep1","Bmf","Tpm4","Flot1","Cep126","C1qtnf2"
"88","Cdc45","Bnip3","Trib1","Ftl1","Cep128","C2cd4c"
"89","Cdc6","Bphl","Trim36","Fut2","Cep295","C8g"
"90","Cdc7","Brdt","Ube2n","Fzd8","Cep78","Cacna1a"
"91","Cdca2","Bst2","Usp17le","Gas6","Cep85","Cacnb1"
"92","Cdca3","Btbd17","Zscan4f","Gbp2b","Cfap298","Cacnb3"
"93","Cdca5","Btg2",NA,"Gbp5","Cgas","Camk1d"
"94","Cdca8","C1ra",NA,"Ghdc","Chac1","Camk2b"
"95","Cdh23","C1rb",NA,"Gla","Chchd4","Capn1"
"96","Cdh5","C1rl",NA,"Gpr137b","Chd5","Capn6"
"97","Cdh6","C1s1",NA,"Gpr19","Chpf","Car5b"
"98","Cdk1","C1s2",NA,"Gpr27","Chrdl1","Car7"
"99","Cdk6","C3",NA,"Gria4","Chrnb1","Carns1"
"100","Cdkn3","C4b",NA,"Grin2c","Chrnd","Caskin1"
"101","Cdr2","Cacna1h",NA,"Grn","Chsy1","Castor2"
"102","Cdt1","Cadm4",NA,"Gstm6","Ciapin1","Catsper2"
"103","Cemip","Calcoco1",NA,"Gstp1","Ciita","Catsperg1"
"104","Cenpa","Camk1g",NA,"Gstp3","Cit","Cbfa2t3"
"105","Cenpe","Camk2n1",NA,"Gvin1","Ckap5","Cbln3"
"106","Cenpf","Caprin2",NA,"H1f3","Cldn12","Cbx7"
"107","Cenph","Car11",NA,"H2bc23","Clns1a","Ccdc148"
"108","Cenpi","Carmil1",NA,"H2bc8","Clpb","Ccdc159"
"109","Cenpk","Carmil3",NA,"H3c15","Cmah","Ccdc24"
"110","Cenpl","Casp1",NA,"H4c12","Cmss1","Ccdc39"
"111","Cenpm","Casp12",NA,"H4c9","Cnbp","Ccdc65"
"112","Cenpn","Casq2",NA,"Helz2","Cnnm4","Ccdc80"
"113","Cenpp","Casr",NA,"Herc6","Cnot9","Ccdc87"
"114","Cenpq","Ccdc13",NA,"Hlf","Coq3","Ccl27a"
"115","Cenps","Ccdc17",NA,"Hmcn1","Coq7","Ccl7"
"116","Cenpu","Ccdc194",NA,"Ifi204","Coro1c","Ccn1"
"117","Cenpw","Ccdc3",NA,"Ifi207","Cox7a1","Ccn4"
"118","Cep152","Ccdc73",NA,"Ifi211","Cpne7","Ccndbp1"
"119","Cep192","Ccdc92b",NA,"Ifi35","Cracdl","Ccng1"
"120","Cep55","Ccl2",NA,"Il10rb","Creb5","Ccnl2"
"121","Cgnl1","Ccno",NA,"Il4ra","Crls1","Cd46"
"122","Chaf1a","Ccpg1",NA,"Il6","Crybg3","Cd59a"
"123","Chaf1b","Cd109",NA,"Immp2l","Cse1l","Cd81"
"124","Chek1","Cd1d1",NA,"Inpp5a","Csrnp1","Cd99l2"
"125","Chek2","Cd68",NA,"Insr","Cxadr","Cdc42ep2"
"126","Chka","Cd79a",NA,"Isg20","Cyb5r1","Cdh13"
"127","Chrna1","Cd80",NA,"Itga2","Daam2","Cdh22"
"128","Chst1","Cdc42bpg",NA,"Itih2","Dach2","Cdkn1a"
"129","Chst11","Cdk19",NA,"Junb","Dad1","Cdkn1b"
"130","Chst15","Cebpa",NA,"Kbtbd11","Dazap1","Celsr3"
"131","Chst3","Cebpd",NA,"Kcnmb1","Dbr1","Cfap100"
"132","Chtf18","Celf5",NA,"Kcp","Ddc","Cfap43"
"133","Ciart","Cers1",NA,"Klf11","Ddost","Cfap46"
"134","Cinp","Chchd10",NA,"Klf12","Ddx20","Cfap97d2"
"135","Cip2a","Chrd",NA,"Klf9","Ddx3x","Chchd5"
"136","Ckap2","Chrnb2",NA,"Kng2","Denr","Chd3"
"137","Ckap2l","Chrng",NA,"Lcn2","Deptor","Cib2"
"138","Cks1b","Chst2",NA,"Lgals3bp","Dera","Cib3"
"139","Cks2","Cideb",NA,"Lmo2","Derpc","Cibar2"
"140","Clec4d","Cir1",NA,"Lrguk","Dhcr7","Cirbp"
"141","Clgn","Ckb",NA,"Lrrc32","Dhodh","Cldn19"
"142","Clspn","Clcn2",NA,"Ly6e","Dicer1","Clip3"
"143","Cmc2","Clec2d",NA,"Map3k8","Dimt1","Cnih2"
"144","Coa7","Clic5",NA,"Marveld1","Disp2","Cnp"
"145","Col18a1","Clk1",NA,"Mfsd13b","Dnaaf2","Cntd1"
"146","Col4a3","Cln6",NA,"Mndal","Dnajb5","Col27a1"
"147","Col4a4","Clu",NA,"Mocos","Dnajc11","Col2a1"
"148","Cpsf2","Cnbd2",NA,"Mpeg1","Dnajc2","Col4a6"
"149","Creld2","Cnppd1",NA,"Mppe1","Dnajc21","Col6a1"
"150","Crym","Cntfr",NA,"Ms4a4d","Dnajc25","Col6a2"
"151","Csrp2","Cntn6",NA,"Mtus2","Dnajc3","Col8a1"
"152","Cstf2","Col11a2",NA,"Myo1d","Dolpp1","Coro1a"
"153","Cth","Col20a1",NA,"Nfkbie","Donson","Cpeb1"
"154","Cx3cl1","Col23a1",NA,"Nhlrc3","Dpy30","Cpne8"
"155","Cyb5b","Col3a1",NA,"Nid1","Dtymk","Cpped1"
"156","Cycs","Col4a5",NA,"Nlgn2","Dusp22","Creb3l1"
"157","Cyp1a1","Col6a3",NA,"Nmi","Dusp3","Crim1"
"158","Cyp4f40","Col9a3",NA,"Nmrk2","Dusp8","Crip2"
"159","Cyp51","Comt",NA,"Nrxn1","Dyrk3","Crlf1"
"160","Cyrib","Copz2",NA,"Nrxn2","E2f3","Cryab"
"161","Cyth4","Coq10a",NA,"Ntng2","E2f4","Csad"
"162","Dap","Coq8a",NA,"Oas1g","Ears2","Csf2rb2"
"163","Dbf4","Coq8b",NA,"Oas2","Efl1","Cspg4"
"164","Dck","Coro6",NA,"Oasl1","Eftud2","Cstad"
"165","Dclk1","Cp",NA,"Or2ag2b","Egflam","Ctnnd1"
"166","Dclre1b","Cpeb2",NA,"Or2v1","Ehbp1l1","Cubn"
"167","Dctd","Cpeb3",NA,"Orm3","Eif1ad","Cyp46a1"
"168","Dctpp1","Cpeb4",NA,"Ostn","Eif2s1","Dact1"
"169","Ddah1","Cpq",NA,"Parm1","Eif2s2","Dact3"
"170","Ddias","Cpt1a",NA,"Pcdh19","Eif4a3","Dcaf8"
"171","Ddx11","Cpt1c",NA,"Pcdhga4","Eif4e","Dchs1"
"172","Ddx21","Creb3l4",NA,"Phf11b","Eif4ebp1","Dcst2"
"173","Ddx39a","Crebl2",NA,"Phf11d","Eif4g1","Ddah2"
"174","Dek","Crebrf",NA,"Plcb2","Eif5","Ddr1"
"175","Depdc1a","Csdc2",NA,"Postn","Elavl1","Ddx4"
"176","Depdc1b","Ctsb",NA,"Prdm8","Elovl4","Decr2"
"177","Dhcr24","Ctsf",NA,"Rabac1","Enkd1","Dennd2a"
"178","Dhfr","Ctso",NA,"Rabif","Eno1b","Dennd4b"
"179","Diaph3","Ctxn1",NA,"Rasgef1b","Enoph1","Dgkb"
"180","Dis3","Cul9",NA,"Repin1","Eny2","Dgki"
"181","Dkc1","Cxcr4",NA,"Retreg3","Epha8","Dglucy"
"182","Dlgap5","Cyb561a3",NA,"Rnf144a","Erbb3","Dhrs1"
"183","Dna2","Cyb561d1",NA,"Rnf213","Ergic1","Dhtkd1"
"184","Dnajb11","Cyp1b1",NA,"Rpl39","Erh","Dhx57"
"185","Dnajc9","Cyp26b1",NA,"Rps21","Eri1","Dipk1a"
"186","Dnmt1","Cyp2d22",NA,"Rps27","Esf1","Diras1"
"187","Dnph1","Cyp2j6",NA,"Rps27rt","Esyt3","Disc1"
"188","Dntt","Cyp2j9",NA,"Rsad2","Etf1","Dixdc1"
"189","Dpf1","Cyp39a1",NA,"Samd9l","Fam107b","Dkkl1"
"190","Dpf3","Cyp4f13",NA,"Scand1","Farsb","Dlx4"
"191","Dph2","Cyp4f17",NA,"Scara5","Fastkd5","Dnaaf3"
"192","Dscc1","Cyp4v3",NA,"Scn11a","Fhdc1","Dnaaf4"
"193","Dtl","Dbndd1",NA,"Sema4d","Fhip1a","Dnajc6"
"194","Dusp4","Dbp",NA,"Sema5a","Fkbp2","Dnase2a"
"195","Dusp6","Dcaf6",NA,"Sema5b","Fkbp4","Dock9"
"196","Dusp9","Dcxr",NA,"Sema6a","Flvcr1","Dok4"
"197","Dut","Ddb2",NA,"Serpinb1b","Foxa3","Dram1"
"198","Dync1li1","Ddit4",NA,"Sgk3","Foxl1","Draxin"
"199","E2f1","Ddo",NA,"Sh2d4b","Foxn2","Dstyk"
"200","E2f2","Ddx60",NA,"Sh2d6","Frmd4a","Dtna"
"201","E2f7","Dedd2",NA,"Shank1","Fth1","Dtx4"
"202","E2f8","Dennd2c",NA,"Shfl","Ftsj3","Dysf"
"203","Eaf1","Depp1",NA,"Slc12a9","Fubp1","Dzank1"
"204","Ebna1bp2","Dffb",NA,"Slc16a2","Fut1","Dzip1"
"205","Ect2","Dgat2",NA,"Slc17a8","Fut8","Ech1"
"206","Eef1e1","Dgka",NA,"Slc25a53","G3bp1","Eef2k"
"207","Efcab11","Dhx58",NA,"Slc27a6","G3bp2","Efhc1"
"208","Efr3b","Dipk1b",NA,"Slc38a9","Gad2","Efnb1"
"209","Ehd1","Dlg4",NA,"Slc40a1","Garre1","Egr1"
"210","Eif1a","Dll1",NA,"Slpi","Gcnt3","Egr3"
"211","Eif2b3","Dll4",NA,"Sp140","Gdf15","Ehbp1"
"212","Eif3b","Dnajc28",NA,"Spon1","Gemin4","Ehd2"
"213","Eif5a","Dnase1l1",NA,"Sppl2a","Gemin5","Ehf"
"214","Elfn2","Dnm1",NA,"Stat2","Gfod1","Ell3"
"215","Elovl6","Dnm3",NA,"Steap4","Ghitm","Elovl7"
"216","Eme1","Doc2g",NA,"Susd1","Gjb4","Emid1"
"217","Eno1","Dock2",NA,"Synm","Gli1","Emilin2"
"218","Eomes","Dpp6",NA,"Tbkbp1","Glrp1","Emp1"
"219","Epha2","Dqx1",NA,"Tdrd9","Gm6525","Enpp3"
"220","Epop","Drc1",NA,"Tenm4","Gmfg","Entpd2"
"221","Eps8","Dthd1",NA,"Tent5a","Gmppb","Entrep1"
"222","Ercc6l","Dtx3l",NA,"Tep1","Gnl3","Epdr1"
"223","Erg28","Dusp15",NA,"Tex26","Golm2","Epor"
"224","Ero1b","Dyrk1b",NA,"Tiam2","Got1","Eppk1"
"225","Errfi1","Ebf4",NA,"Tlr3","Gpd2","Ercc5"
"226","Esco2","Echdc2",NA,"Tmem106a","Gpn1","Erg"
"227","Espl1","Egf",NA,"Tmem132b","Gpn2","Ermard"
"228","Etv4","Egfr",NA,"Tmem71","Gprc5a","Etfrf1"
"229","Etv5","Eid2b",NA,"Tmem98","Grb10","Etv1"
"230","Etv6","Eif2s3y",NA,"Tmod1","Grid1","Evpl"
"231","Exo1","Eif4a2",NA,"Tnfaip6","Gstm7","Exoc3l"
"232","Exosc1","Elf3",NA,"Tnfrsf1a","Gstp2","Exoc3l4"
"233","Exosc2","Elmo1",NA,"Tpk1","Gypc","Extl3"
"234","Exosc8","Emilin1",NA,"Traf3ip2","H2ax","F3"
"235","Ezh2","Enho",NA,"Trappc6a","H3c3","F8"
"236","Ezr","Eno2",NA,"Trim14","Hapln4","Fam117a"
"237","F2r","Enpp2",NA,"Trim25","Haus7","Fam124a"
"238","F2rl1","Enpp5",NA,"Trim5","Hccs","Fam131a"
"239","Faap24","Epha4",NA,"Trp53i11","Hdlbp","Fam135b"
"240","Fads2","Ephb3",NA,"Ttll11","Heatr3","Fam161a"
"241","Fads3","Ephx1",NA,"Unc93a2","hEGFR","Fam171a2"
"242","Fam111a","Ephx4",NA,"Vmp1","Hes1","Fam174c"
"243","Fam136a","Epm2a",NA,"Wscd1","Higd1a","Fam180a"
"244","Fam167a","Eqtn",NA,"Zfp53","Hmbs","Fam193b"
"245","Fam83d","Espn",NA,"Zfp655","Hmgb1","Fam210b"
"246","Fam98a","Etfbkmt",NA,"Zfp969","Hmgn1","Fam234a"
"247","Fanca","Ezh1",NA,NA,"Hpf1","Fam83h"
"248","Fancb","Fam13a",NA,NA,"Hspa4","Fat4"
"249","Fancd2","Fam13c",NA,NA,"Hspa5","Fbln7"
"250","Fanci","Fam227a",NA,NA,"Hspa9","Fbn2"
"251","Fancl","Fam241b",NA,NA,"Hsph1","Fbxl16"
"252","Fasn","Fam3a",NA,NA,"Hyou1","Fbxl8"
"253","Fbl","Fam43a",NA,NA,"Ica1","Fbxo15"
"254","Fbxo48","Fam53b",NA,NA,"Idh3a","Fbxo2"
"255","Fbxo5","Fas",NA,NA,"Ier2","Fbxo6"
"256","Fdps","Fbxl20",NA,NA,"Ifrd1","Fbxw9"
"257","Fen1","Fbxl22",NA,NA,"Il11","Fgf11"
"258","Fgf15","Fbxl9",NA,NA,"Il33","Fgfbp1"
"259","Fgf21","Fbxo32",NA,NA,"Immt","Fgfr2"
"260","Fhl2","Fbxo41",NA,NA,"Imp4","Fgfrl1"
"261","Fignl1","Fbxo44",NA,NA,"Impdh1","Fhl1"
"262","Fkbp11","Fbxw10",NA,NA,"Ing5","Fhod3"
"263","Fkbp5","Fcgrt",NA,NA,"Inpp5d","Fign"
"264","Flt1","Fcho1",NA,NA,"Insyn2a","Fignl2"
"265","Fosl1","Fhl4",NA,NA,"Ipo5","Flrt3"
"266","Foxk2","Filip1",NA,NA,"Iqck","Fmnl2"
"267","Foxm1","Flcn",NA,NA,"Iqgap2","Fmnl3"
"268","Fpgs","Flrt2",NA,NA,"Itga5","Frmd4b"
"269","Fst","Flt3l",NA,NA,"Itga6","Frmd6"
"270","Fxyd5","Flvcr2",NA,NA,"Itgb3","Fscn1"
"271","Fyb2","Fmo5",NA,NA,"Itgb7","Fzd2"
"272","Galnt12","Fn1",NA,NA,"Itpa","Galnt11"
"273","Gap43","Fn3k",NA,NA,"Itpr1","Galnt7"
"274","Gar1","Fndc10",NA,NA,"Jag1","Ganc"
"275","Gart","Fos",NA,NA,"Jun","Garem1"
"276","Gas2l3","Foxc1",NA,NA,"Kat2a","Gdpd5"
"277","Gchfr","Foxj1",NA,NA,"Katnal2","Gfra1"
"278","Gemin6","Foxo3",NA,NA,"Kbtbd8","Gfra2"
"279","Gen1","Foxo4",NA,NA,"Kcnip1","Ghr"
"280","Gfm1","Foxo6",NA,NA,"Kcnj12","Gipc2"
"281","Gins1","Frat1",NA,NA,"Kcnk1","Glipr1"
"282","Gins2","Fuz",NA,NA,"Kcnn4","Gls2"
"283","Gins3","Fxyd1",NA,NA,"Kdelr2","Glt8d1"
"284","Gja1","Fyco1",NA,NA,"Kitl","Glul"
"285","Gk","Gab1",NA,NA,"Klf2","Gm2a"
"286","Glipr2","Gabarapl1",NA,NA,"Klf4","Gmpr"
"287","Gmnn","Gadd45a",NA,NA,"Klra2","Gna13"
"288","Gnb2","Gadd45b",NA,NA,"Kpnb1","Gng11"
"289","Gnpnat1","Galnt15",NA,NA,"Kras","Gper1"
"290","Golt1b","Galnt16",NA,NA,"Krr1","Gpr135"
"291","Gpatch4","Garem2",NA,NA,"Kti12","Gpr173"
"292","Gpr149","Gas1",NA,NA,"Lacc1","Gpr88"
"293","Grem1","Gbp10",NA,NA,"Lamc2","Grk4"
"294","Grhl2","Gbp11",NA,NA,"Larp1","Gsn"
"295","Grk6","Gbp2",NA,NA,"Lclat1","Gstm2"
"296","Grwd1","Gbp3",NA,NA,"Ldha","Gstt1"
"297","Gspt1","Gbp4",NA,NA,"Lect2","Gxylt2"
"298","Gsta1","Gbp6",NA,NA,"Lif","H3f3a"
"299","Gsta2","Gbp7",NA,NA,"Lin9","Hacd4"
"300","Gstcd","Gbp8",NA,NA,"Llph","Hacl1"
"301","Gsx1","Gbp9",NA,NA,"Lonp1","Haghl"
"302","Gtf3c6","Gcnt1",NA,NA,"Lonrf3","Heg1"
"303","Gtse1","Gcnt2",NA,NA,"Lpgat1","Hexb"
"304","H2ac15","Gdi1",NA,NA,"Lpl","Hey1"
"305","H2ac24","Gdpd2",NA,NA,"Lratd2","Hipk3"
"306","H2ac7","Gdpd3",NA,NA,"Lrrk2","Hk1"
"307","H2az1","Gem",NA,NA,"Lsg1","Hmgcl"
"308","Haspin","Ggnbp1",NA,NA,"Lsm11","Hoxa2"
"309","Hat1","Glcci1",NA,NA,"Lsm12","Hoxc6"
"310","Haus1","Glis3",NA,NA,"Lsm7","Hpgds"
"311","Haus3","Glrx",NA,NA,"Lsm8","Hps1"
"312","Haus5","Gm15433",NA,NA,"Ly75","Hrc"
"313","Haus6","Gnal",NA,NA,"Lyn","Hsf4"
"314","Hells","Gng8",NA,NA,"Lyz2","Hspa1a"
"315","Hirip3","Gpm6b",NA,NA,"Magel2","Hunk"
"316","Hjurp","Gpnmb",NA,NA,"Magoh","Hykk"
"317","Hk2","Gpr137c",NA,NA,"Mak16","Icam5"
"318","Hmga1","Gpr146",NA,NA,"Mal","Id3"
"319","Hmga1b","Gpr179",NA,NA,"Map1a","Ifi30"
"320","Hmga2","Gpr75",NA,NA,"Map3k9","Ifit2"
"321","Hmgb2","Gprasp2",NA,NA,"Mapk4","Igbp1"
"322","Hmgcr","Gprc5c",NA,NA,"Marchf4","Igdcc4"
"323","Hmgcs1","Gria3",NA,NA,"Mars1","Igfbpl1"
"324","Hmgn2","Grina",NA,NA,"Mast1","Iglon5"
"325","Hmgn5","Grm7",NA,NA,"Mbd3","Ikbke"
"326","Hmmr","Gsap",NA,NA,"Mcam","Il11ra1"
"327","Hmx2","Gsdma",NA,NA,"Mcph1","Ing4"
"328","Hnrnpa3","Gstm1",NA,NA,"Mcpt8","Inha"
"329","Hnrnpab","Gsto2",NA,NA,"Mcrip2","Inhbb"
"330","Hnrnpd","Gvin2",NA,NA,"Mdm1","Inka2"
"331","Homer1","Gzmm",NA,NA,"Mdn1","Ip6k3"
"332","Hrob","H1f2",NA,NA,"Med19","Ipo13"
"333","Hsd17b7","H2ac18",NA,NA,"Med8","Iqank1"
"334","Hsp90b1","H2ac25",NA,NA,"Mei4","Iqcd"
"335","Hspa14","H2ac6",NA,NA,"Met","Iqcg"
"336","Hspd1","H2bc21",NA,NA,"Mettl1","Iqsec2"
"337","Htr2a","H2bc24",NA,NA,"Mlkl","Irak2"
"338","Htra1","H2bc27",NA,NA,"Mogat1","Irak3"
"339","Idi1","H2bc4",NA,NA,"Mphosph6","Irs2"
"340","Iffo2","H2bc6",NA,NA,"Mreg","Itfg1"
"341","Ifrd2","H3c4",NA,NA,"Mrpl12","Itga10"
"342","Igf2bp1","H4c14",NA,NA,"Mrpl42","Itpka"
"343","Igfbp3","Hbp1",NA,NA,"Mrps10","Itpkb"
"344","Il18rap","Hdac11",NA,NA,"Mrps22","Izumo4"
"345","Il34","Hdac5",NA,NA,"Mrps27","Jup"
"346","Incenp","Hdac9",NA,NA,"Msantd3","Kcnc3"
"347","Inpp4b","Heph",NA,NA,"Msh3","Kcnh3"
"348","Ints1","Hhatl",NA,NA,"Msh6","Kcnn1"
"349","Iqgap3","Hmcn2",NA,NA,"Mst1","Kcnq1"
"350","Irf4","Hmgcs2",NA,NA,"Mt3","Kctd1"
"351","Itga3","Hoga1",NA,NA,"Mybbp1a","Kctd21"
"352","Jdp2","Hoxa4",NA,NA,"Mycbp","Kctd7"
"353","Jpt2","Hoxb5",NA,NA,"Mydgf","Kdm4b"
"354","Kbtbd6","Hoxb8",NA,NA,"Myof","Kdm6b"
"355","Kcnk10","Hs6st1",NA,NA,"Myom2","Khnyn"
"356","Kctd9","Hscb",NA,NA,"Naa50","Kif13b"
"357","Kdm8","Hsd11b1",NA,NA,"Nat8l","Kif1b"
"358","Kif11","Hsd17b1",NA,NA,"Ncl","Kif21a"
"359","Kif14","Hsd17b11",NA,NA,"Ndufaf4","Kif26b"
"360","Kif15","Hsdl2",NA,NA,"Nfe2l3","Kifc3"
"361","Kif17","Hspa1b",NA,NA,"Nif3l1","Kirrel3"
"362","Kif18a","Htr3a",NA,NA,"Nip7","Kiz"
"363","Kif18b","Hyal1",NA,NA,"Nkrf","Klf13"
"364","Kif20a","Hyal3",NA,NA,"Nlrc3","Klf15"
"365","Kif20b","Idua",NA,NA,"Nmd3","Klf7"
"366","Kif22","Ifi202b",NA,NA,"Nmt2","Klhl10"
"367","Kif23","Ifi27",NA,NA,"Noc4l","Klhl17"
"368","Kif24","Ifi27l2a",NA,NA,"Nol11","Klhl26"
"369","Kif2c","Ifi44",NA,NA,"Nol8","Klhl3"
"370","Kif4","Ifi47",NA,NA,"Nova1","Klhl36"
"371","Kifc1","Ifih1",NA,NA,"Nphp4","Klk1b24"
"372","Kifc5b","Ifit1",NA,NA,"Nqo1","Kmt2c"
"373","Klk10","Ifit1bl1",NA,NA,"Nrp2","Kmt5c"
"374","Klk8","Ifit1bl2",NA,NA,"Nsd2","Kxd1"
"375","Klra4","Ifit3",NA,NA,"Nsun2","L1cam"
"376","Kmt5a","Ifit3b",NA,NA,"Nucb2","L2hgdh"
"377","Knl1","Ifitm3",NA,NA,"Nudc","Lactb"
"378","Knop1","Ifnlr1",NA,NA,"Nudcd1","Lctl"
"379","Knstrn","Igf2",NA,NA,"Nudcd2","Ldb1"
"380","Kntc1","Igip",NA,NA,"Nudt1","Leng9"
"381","Kpna2","Igtp",NA,NA,"Nudt15","Letm2"
"382","Krt12","Iigp1",NA,NA,"Nup188","Limk2"
"383","Krt13","Ikzf2",NA,NA,"Nup210l","Lix1l"
"384","Krt19","Il13ra1",NA,NA,"Nup35","Llgl2"
"385","Krt20","Il17rd",NA,NA,"Nup37","Lmbr1l"
"386","Krt8","Il18",NA,NA,"Nup50","Loxl3"
"387","Krt80","Inafm1",NA,NA,"Nup54","Lpin1"
"388","L3mbtl2","Inca1",NA,NA,"Nupr1","Lrp1"
"389","Lama4","Inka1",NA,NA,"Nus1","Lrp3"
"390","Las1l","Ino80b",NA,NA,"Nxph4","Lrrc4"
"391","Lat2","Inpp5k",NA,NA,"Nxt1","Lrrc58"
"392","Lbh","Insl3",NA,NA,"Odf2","Lrrc61"
"393","Lbr","Ip6k2",NA,NA,"Ormdl2","Lrrc74b"
"394","Ldlr","Irf1",NA,NA,"Ostc","Lrrc75a"
"395","Leo1","Irf7",NA,NA,"P2rx3","Ltbp4"
"396","Lgr6","Irf9",NA,NA,"P2ry2","Lysmd4"
"397","Lgsn","Irgm1",NA,NA,"Paip1","Mafa"
"398","Lig1","Irgm2",NA,NA,"Pak4","Mafk"
"399","Lin54","Irs1",NA,NA,"Pals2","Maml2"
"400","Lingo2","Irs4",NA,NA,"Pard6b","Man1c1"
"401","Lipg","Isg15",NA,NA,"Paxip1","Map1lc3a"
"402","Lipt2","Islr",NA,NA,"Pbdc1","Map2k6"
"403","Lmnb1","Isoc2b",NA,NA,"Pck2","Mapk10"
"404","Lmnb2","Itga2b",NA,NA,"Pdap1","Mapk8ip3"
"405","Lnx2","Itgb8",NA,NA,"Pdcd11","Mapkapk3"
"406","Lpin3","Itih5",NA,NA,"Pde2a","Marchf10"
"407","Lrp8","Itm2b",NA,NA,"Pde4b","Marchf3"
"408","Lrr1","Itpkc",NA,NA,"Pdia3","Masp1"
"409","Lrrc59","Jak3",NA,NA,"Pdxk","Masp2"
"410","Lrrfip1","Jam2",NA,NA,"Peak1","Matk"
"411","Lsm2","Kalrn",NA,NA,"Peg10","Matn2"
"412","Lsm3","Kank3",NA,NA,"Pfas","Mbp"
"413","Lsm4","Kazald1",NA,NA,"Pgf","Mcc"
"414","Lsm5","Kcnab1",NA,NA,"Pgp","Mdm2"
"415","Lsm6","Kcnd3",NA,NA,"Phc2","Megf8"
"416","Lss","Kcnh2",NA,NA,"Phex","Meis1"
"417","Ltbp1","Kcnj10",NA,NA,"Phf10","Mettl21a"
"418","Ltv1","Kcnj2",NA,NA,"Phf5a","Mgat3"
"419","Lxn","Kcnq4",NA,NA,"Pi15","Mical1"
"420","Lyar","Kdm3a",NA,NA,"Pik3ap1","Midn"
"421","Mad2l1","Kdm5b",NA,NA,"Pin1","Miga1"
"422","Maff","Kdm5d",NA,NA,"Pinx1","Mindy2"
"423","Magohb","Kdm7a",NA,NA,"Pla2g4c","Mindy4"
"424","Manf","Khk",NA,NA,"Plat","Mkrn3"
"425","Map1b","Kif5a",NA,NA,"Plekha3","Mllt3"
"426","Map2k3","Kif9",NA,NA,"Plekhh1","Mmp15"
"427","Mapk6","Kifc2",NA,NA,"Plet1","Morn2"
"428","Mastl","Kiss1r",NA,NA,"Plk3","Mpp2"
"429","Matn3","Klc3",NA,NA,"Plscr1","Mpp7"
"430","Mcm10","Klc4",NA,NA,"Plscr2","Mrc2"
"431","Mcm2","Klf10",NA,NA,"Pno1","Mt1"
"432","Mcm3","Klhdc8a",NA,NA,"Pnpt1","Mtmr11"
"433","Mcm4","Klhdc8b",NA,NA,"Pofut2","Mtss1"
"434","Mcm5","Klhl24",NA,NA,"Pold2","Mvp"
"435","Mcm6","Klhl32",NA,NA,"Pole3","Mxi1"
"436","Mcm7","Klhl4",NA,NA,"Polh","Mylip"
"437","Mcm8","Klhl40",NA,NA,"Polr1a","Myo10"
"438","Me2","Kng1",NA,NA,"Polr1b","Myo6"
"439","Med10","Lama2",NA,NA,"Polr3d","Myorg"
"440","Melk","Lamb2",NA,NA,"Polr3e","Nacad"
"441","Mest","Lamp2",NA,NA,"Popdc3","Nap1l3"
"442","Mfsd2a","Lbp",NA,NA,"Pou2f2","Napepld"
"443","Mgat4a","Lca5l",NA,NA,"Ppan","Nat14"
"444","Mgme1","Ldb3",NA,NA,"Ppid","Natd1"
"445","Micall2","Lgals4",NA,NA,"Ppif","Ncald"
"446","Mis12","Lgals9",NA,NA,"Ppip5k2","Ncam1"
"447","Mis18a","Lgi4",NA,NA,"Ppm1g","Ndst2"
"448","Mis18bp1","Lgmn",NA,NA,"Ppp1r8","Nek8"
"449","Mki67","Limch1",NA,NA,"Pprc1","Nemp2"
"450","Mlec","Lmntd2",NA,NA,"Prep","Nfatc4"
"451","Mlf1","Lonrf2",NA,NA,"Prkcb","Nhej1"
"452","Mms22l","Loxl1",NA,NA,"Prmt1","Nicn1"
"453","Mnd1","Loxl2",NA,NA,"Prmt5","Nipal4"
"454","Mns1","Lpar6",NA,NA,"Prokr1","Nkain2"
"455","Mphosph10","Lrp4",NA,NA,"Prps1","Nlrx1"
"456","Mre11a","Lrrc14b",NA,NA,"Prr7","Nod1"
"457","Mrps6","Lrrc18",NA,NA,"Psma1","Npdc1"
"458","Mrto4","Lrrc39",NA,NA,"Psma4","Npepps"
"459","Msmo1","Lrrc4b",NA,NA,"Psma7","Nr1d1"
"460","Mtbp","Lrrc51",NA,NA,"Psmc4","Nr1h3"
"461","Mtfr2","Lrrc56",NA,NA,"Psmd1","Nr2e1"
"462","Mthfd1","Lrrn3",NA,NA,"Psmd11","Nradd"
"463","Mthfd1l","Lrrn4cl",NA,NA,"Psmd14","Ntn4"
"464","Mthfd2","Lynx1",NA,NA,"Psmd7","Nuak2"
"465","Mtmr10","Macrod1",NA,NA,"Psmg1","Odad3"
"466","Mutyh","Maf",NA,NA,"Ptbp1","Olfml2b"
"467","Mvd","Magi2",NA,NA,"Ptcd3","Oplah"
"468","Mvk","Mamstr",NA,NA,"Ptchd1","Opn1sw"
"469","Mxd3","Man2b2",NA,NA,"Ptchd4","Os9"
"470","Mybl1","Mansc1",NA,NA,"Ptger4","Osbp2"
"471","Mybl2","Maoa",NA,NA,"Ptges3","Otx1"
"472","Myc","Maob",NA,NA,"Ptma","P2rx5"
"473","Myef2","Map3k12",NA,NA,"Ptpn6","P3h3"
"474","Myef2l","Map4k1",NA,NA,"Ptprt","P4ha1"
"475","Myl12a","Mapk1ip1",NA,NA,"Purb","Pabpc1l"
"476","Naa15","Mapk3",NA,NA,"Pus7l","Pacs2"
"477","Naa25","Mapt",NA,NA,"Pvr","Pak3"
"478","Naaladl1","Marcks",NA,NA,"Pwp1","Palld"
"479","Nans","Mcoln1",NA,NA,"Pygl","Papln"
"480","Nasp","Mctp1",NA,NA,"Qpct","Parp3"
"481","Ncapd2","Mctp2",NA,NA,"Qtrt2","Pbld2"
"482","Ncapd3","Me3",NA,NA,"Rab39b","Pcdhgc3"
"483","Ncapg","Mef2c",NA,NA,"Rad50","Pcdhgc5"
"484","Ncapg2","Meiob",NA,NA,"Radx","Pcmtd1"
"485","Ncaph","Meis3",NA,NA,"Raet1d","Pcolce"
"486","Ndc1","Mep1a",NA,NA,"Rarb","Pde1b"
"487","Ndc80","Mertk",NA,NA,"Rasa2","Pde8b"
"488","Nde1","Mettl27",NA,NA,"Rbm20","Pdgfc"
"489","Ndst3","Mfsd12",NA,NA,"Rcc2","Pdgfra"
"490","Neil3","Mfsd4b1",NA,NA,"Rcl1","Pdlim2"
"491","Nek2","Mgarp",NA,NA,"Reep4","Pdzd2"
"492","Nes","Mgst1",NA,NA,"Reep6","Pdzk1"
"493","Neurl1b","Mindy1",NA,NA,"Relt","Pdzk1ip1"
"494","Ngef","Mkx",NA,NA,"Ret","Peli2"
"495","Ngf","Mlycd",NA,NA,"Rexo2","Per1"
"496","Ngfr","Mme",NA,NA,"Rgs14","Per2"
"497","Nhp2","Mmp11",NA,NA,"Rgs19","Pex6"
"498","Nifk","Mmp19",NA,NA,"Rhof","Pfkfb2"
"499","Nme1","Mmp23",NA,NA,"Ric3","Pgm2l1"
"500","Noc3l","Mmp28",NA,NA,"Riok2","Phactr1"
"501","Noct","Mobp",NA,NA,"Rpa1","Pheta1"
"502","Nol10","Mr1",NA,NA,"Rpl7l1","Phf21b"
"503","Nol9","Mrgprb5",NA,NA,"Rpn2","Phf7"
"504","Nolc1","Mrgpre",NA,NA,"Rpp30","Phkg1"
"505","Nop16","Mst1r",NA,NA,"Rps6ka3","Pidd1"
"506","Nop2","Mt2",NA,NA,"Rps6ka4","Pik3c2b"
"507","Nop56","Mtss2",NA,NA,"Rrp9","Pik3r1"
"508","Nop58","Mturn",NA,NA,"Rwdd4a","Pik3r2"
"509","Npnt","Mtus1",NA,NA,"Samd4b","Pinlyp"
"510","Nppb","Mx1",NA,NA,"Sarnp","Pip5kl1"
"511","Nptx1","Mx2",NA,NA,"Sash3","Pitpnc1"
"512","Nptxr","Mxd1",NA,NA,"Scd4","Pitpnm2"
"513","Nrn1","Mxd4",NA,NA,"Scn5a","Plag1"
"514","Nsdhl","Mxra8",NA,NA,"Sdad1","Plcd1"
"515","Nsl1","Myh14",NA,NA,"Sec1","Plce1"
"516","Nucks1","Myh7b",NA,NA,"Sec11c","Plch2"
"517","Nuf2","Mylk",NA,NA,"Sec13","Plekha7"
"518","Nup107","Myo18b",NA,NA,"Sec23b","Plekhf1"
"519","Nup133","Myo5c",NA,NA,"Sec24d","Plekho2"
"520","Nup155","Myo7a",NA,NA,"Sec61b","Plin5"
"521","Nup205","Myom3",NA,NA,"Selenoh","Plppr2"
"522","Nup43","N4bp2l1",NA,NA,"Selenoi","Plppr3"
"523","Nup62","Naa80",NA,NA,"Selenos","Plxdc1"
"524","Nup85","Naga",NA,NA,"Selp","Plxna2"
"525","Nup93","Naglu",NA,NA,"Senp1","Plxna3"
"526","Nusap1","Napb",NA,NA,"Sephs2","Plxna4"
"527","Nutf2","Narf",NA,NA,"Serp1","Plxnb1"
"528","Odc1","Nat8f1",NA,NA,"Sestd1","Pmp22"
"529","Oip5","Nat8f4",NA,NA,"Sf3a2","Polk"
"530","Olig2","Nbl1",NA,NA,"Sf3b4","Polm"
"531","Orc1","Nceh1",NA,NA,"Sfxn5","Ppara"
"532","Orc2","Nckap5",NA,NA,"Sgk2","Ppil6"
"533","Orc6","Ndrg1",NA,NA,"Sgms2","Ppm1e"
"534","Osbpl6","Ndrg4",NA,NA,"Sh2d4a","Ppox"
"535","Otud1","Nectin4",NA,NA,"Sh3pxd2a","Ppp1r1b"
"536","Otud4","Nedd9",NA,NA,"Sh3yl1","Ppp1r27"
"537","Pa2g4","Negr1",NA,NA,"Siah1b","Ppp2r2c"
"538","Pacrg","Neurl2",NA,NA,"Siah2","Ppp3ca"
"539","Palb2","Nfkbia",NA,NA,"Slbp","Prag1"
"540","Parpbp","Nipal3",NA,NA,"Slc14a1","Prdm1"
"541","Parvb","Nme5",NA,NA,"Slc16a1","Prex1"
"542","Pate14","Nol3",NA,NA,"Slc19a1","Prickle2"
"543","Pbk","Notch1",NA,NA,"Slc1a4","Prkcg"
"544","Pcdh18","Notch2",NA,NA,"Slc1a5","Prlr"
"545","Pclaf","Notch3",NA,NA,"Slc1a7","Proser2"
"546","Pcna","Nova2",NA,NA,"Slc20a1","Prr18"
"547","Pcolce2","Noxo1",NA,NA,"Slc25a29","Prrx1"
"548","Pcsk9","Npc1",NA,NA,"Slc25a33","Prss23"
"549","Pdgfb","Npr2",NA,NA,"Slc25a5","Prss53"
"550","Pdia4","Nrbp2",NA,NA,"Slc2a1","Prx"
"551","Pdia6","Nrep",NA,NA,"Slc30a4","Psd3"
"552","Pdlim7","Nscme3l",NA,NA,"Slc35g1","Pspc1"
"553","Pdp1","Nsg2",NA,NA,"Slc37a2","Psrc1"
"554","Pdss1","Nt5e",NA,NA,"Slc38a2","Ptges3l"
"555","Pfdn2","Ntrk3",NA,NA,"Slc39a14","Ptp4a3"
"556","Pfdn4","Nudt13",NA,NA,"Slc47a1","Ptpdc1"
"557","Pfdn6","Nudt16",NA,NA,"Slc5a1","Ptpre"
"558","Phf19","Numbl",NA,NA,"Slc7a11","Ptprf"
"559","Phgdh","Nwd1",NA,NA,"Slc7a6","Pxmp4"
"560","Phlda1","Nynrin",NA,NA,"Slc9a2","Rab11fip4"
"561","Pif1","Nyx",NA,NA,"Slf1","Rab13"
"562","Piga","Oas1a",NA,NA,"Slfn3","Rab34"
"563","Pimreg","Oas1b",NA,NA,"Slk","Rab36"
"564","Pkmyt1","Oas1c",NA,NA,"Sltm","Rab3d"
"565","Pkn3","Oasl2",NA,NA,"Smn1","Rabgap1l"
"566","Plac8","Ogdhl",NA,NA,"Sms","Rap2a"
"567","Plaur","Ogn",NA,NA,"Smurf1","Rasa3"
"568","Plch1","Ogt",NA,NA,"Snrpc","Rasa4"
"569","Plk1","Olfm2",NA,NA,"Soat2","Rasgef1a"
"570","Plk4","Olfml1",NA,NA,"Socs1","Rb1"
"571","Plxnd1","Olfml2a",NA,NA,"Sorbs2","Rbl2"
"572","Pmf1","Olfml3",NA,NA,"Sox8","Rbms3"
"573","Pmvk","Opcml",NA,NA,"Sp8","Rcsd1"
"574","Poc1a","Optn",NA,NA,"Spcs2","Rdh10"
"575","Podnl1","Or4c102",NA,NA,"Specc1","Rdh5"
"576","Pola1","Or4p4",NA,NA,"Spink10","Rfx2"
"577","Pola2","Orai3",NA,NA,"Spire2","Rhbdl1"
"578","Pold1","Osmr",NA,NA,"Spp1","Rhbdl3"
"579","Pole","Osr2",NA,NA,"Spsb4","Rhpn1"
"580","Pole2","Oxld1",NA,NA,"Srsf1","Rmdn1"
"581","Polq","P2rx6",NA,NA,"Srsf2","Rnd2"
"582","Polr1e","Pacsin1",NA,NA,"Srsf3","Rnf135"
"583","Polr3g","Pappa",NA,NA,"Srsf7","Rnf144b"
"584","Pop1","Pappa2",NA,NA,"Ssb","Rnf32"
"585","Ppa1","Paqr7",NA,NA,"Ssr1","Rragd"
"586","Ppat","Parp10",NA,NA,"Ssr2","Rras"
"587","Ppih","Parp12",NA,NA,"Sstr5","Rsrp1"
"588","Ppil1","Parp14",NA,NA,"Ssx2ip","Rtkn"
"589","Ppp1r14b","Parp9",NA,NA,"Stn1","Rtl8c"
"590","Prc1","Patj",NA,NA,"Stt3a","Rtn2"
"591","Prelid3b","Paxx",NA,NA,"Sult2b1","Rtn4rl1"
"592","Prex2","Pbx4",NA,NA,"Surf4","Ryr3"
"593","Prim1","Pbxip1",NA,NA,"Suv39h1","S100a13"
"594","Prim2","Pcdha9",NA,NA,"Sybu","Samd14"
"595","Prkg2","Pcdhb10",NA,NA,"Syt7","Sardh"
"596","Prl2c3","Pcdhb11",NA,NA,"Szrd1","Sarm1"
"597","Prmt7","Pcdhb12",NA,NA,"Taf15","Sbk3"
"598","Prokr2","Pcdhb13",NA,NA,"Taf4b","Sbsn"
"599","Prox1","Pcdhb14",NA,NA,"Taf5","Scn3b"
"600","Prpf31","Pcdhb15",NA,NA,"Taf7l","Scnn1a"
"601","Prr11","Pcdhb16",NA,NA,"Tardbp","Sdc3"
"602","Prrg4","Pcdhb17",NA,NA,"Tasor2","Sec14l5"
"603","Prxl2a","Pcdhb18",NA,NA,"Tatdn2","Selenom"
"604","Psat1","Pcdhb19",NA,NA,"Tbc1d30","Selenow"
"605","Psme3","Pcdhb20",NA,NA,"Tbc1d31","Sema4g"
"606","Psph","Pcdhb21",NA,NA,"Tbrg4","Serhl"
"607","Ptgs2","Pcdhb22",NA,NA,"Tcam1","Serinc1"
"608","Pthlh","Pcdhb3",NA,NA,"Tdg","Serinc4"
"609","Ptpn5","Pcdhb4",NA,NA,"Tfrc","Serpina11"
"610","Ptprn","Pcdhb5",NA,NA,"Tgif1","Serpina3i"
"611","Pttg1","Pcdhb6",NA,NA,"Thoc3","Sertad4"
"612","Pum3","Pcdhb7",NA,NA,"Thop1","Sfi1"
"613","Pwp2","Pcdhb8",NA,NA,"Thyn1","Sfxn3"
"614","Pycr1","Pcdhb9",NA,NA,"Timm10","Sfxn4"
"615","Rab27b","Pcdhga1",NA,NA,"Timm23","Shd"
"616","Racgap1","Pcdhga12",NA,NA,"Timm50","Shf"
"617","Rad18","Pcdhga6",NA,NA,"Tkt","Shpk"
"618","Rad51","Pcdhgb8",NA,NA,"Tlcd3a","Shroom2"
"619","Rad51ap1","Pcmtd2",NA,NA,"Tlcd4","Shroom3"
"620","Rad51b","Pcsk4",NA,NA,"Tm4sf1","Sipa1l2"
"621","Rad54b","Pdcd4",NA,NA,"Tma16","Slc14a2"
"622","Rad54l","Pde4a",NA,NA,"Tmed5","Slc16a3"
"623","Rai14","Pde4d",NA,NA,"Tmem144","Slc18a2"
"624","Ran","Pdgfrb",NA,NA,"Tmem158","Slc24a3"
"625","Ranbp1","Pdk1",NA,NA,"Tmem183a","Slc25a36"
"626","Rangap1","Pdk2",NA,NA,"Tmem254","Slc26a10"
"627","Rap1gap","Pdk4",NA,NA,"Tmem39b","Slc27a1"
"628","Raph1","Pdzd7",NA,NA,"Tmem50b","Slc35a5"
"629","Rbbp8","Pdzrn3",NA,NA,"Tmem74","Slc39a13"
"630","Rbl1","Peli3",NA,NA,"Tnfrsf22","Slc49a4"
"631","Rbm14","Per3",NA,NA,"Tnfrsf23","Slc6a19"
"632","Rbm19","Perm1",NA,NA,"Tns1","Slc6a6"
"633","Rbm27","Pex5l",NA,NA,"Tom1l1","Slc9a9"
"634","Rbmx2","Pgap6",NA,NA,"Tomm40","Smad6"
"635","Rbpj","Phyh",NA,NA,"Tomm5","Smad9"
"636","Rcc1","Phyhd1",NA,NA,"Tpst2","Smox"
"637","Recql4","Pianp",NA,NA,"Tra2a","Smpd1"
"638","Rfc2","Pierce1",NA,NA,"Traf3","Snx21"
"639","Rfc3","Pierce2",NA,NA,"Tram1","Snx33"
"640","Rfc4","Pigc",NA,NA,"Trib3","Sorbs1"
"641","Rfc5","Pigp",NA,NA,"Trim47","Sox4"
"642","Rflnb","Pik3ip1",NA,NA,"Trim66","Sox5"
"643","Rgs7","Pik3r3",NA,NA,"Trmt61a","Sparcl1"
"644","Rhox5","Pink1",NA,NA,"Trp53","Spon2"
"645","Rhpn2","Pip5k1b",NA,NA,"Trpv3","Spred1"
"646","Rin1","Pipox",NA,NA,"Trub1","Spred3"
"647","Rmi2","Pitpnm3",NA,NA,"Tspan2","Sptb"
"648","Rnd1","Pkd2l2",NA,NA,"Ttf2","Srpk3"
"649","Rnf145","Plbd2",NA,NA,"Tube1","Ssbp2"
"650","Rnf19b","Plcb4",NA,NA,"Txn1","Ssh3"
"651","Rpa2","Plcd4",NA,NA,"Txndc11","Sspn"
"652","Rpf2","Pld3",NA,NA,"Txnrd1","St3gal4"
"653","Rpia","Plekha4",NA,NA,"U2af1","St6gal1"
"654","Rpn1","Plekha5",NA,NA,"Uap1","Stac3"
"655","Rps6ka2","Plekhg5",NA,NA,"Ube2f","Star"
"656","Rps6ka6","Plekhn1",NA,NA,"Ubl4a","Stard10"
"657","Rras2","Plin2",NA,NA,"Uchl3","Stard9"
"658","Rrm1","Plin3",NA,NA,"Uchl5","Stat6"
"659","Rrm2","Plin4",NA,NA,"Ufsp1","Stim1"
"660","Rrp12","Plp1",NA,NA,"Ugdh","Stox1"
"661","Rrp15","Pltp",NA,NA,"Unc5a","Suox"
"662","Rrp1b","Plxnb3",NA,NA,"Ung","Syn3"
"663","Rrs1","Pmm1",NA,NA,"Uqcrq","Sync"
"664","Rtkn2","Pnma8b",NA,NA,"Urb2","Synpo"
"665","Ruvbl1","Pnpla7",NA,NA,"Usp36","Synpo2"
"666","Ruvbl2","Pnrc1",NA,NA,"Usp39","Sytl1"
"667","S100a4","Podn",NA,NA,"Usp44","Taf9b"
"668","Sapcd2","Podxl2",NA,NA,"Usp50","Tagln3"
"669","Sass6","Polg2",NA,NA,"Utp18","Tas1r1"
"670","Sc5d","Porcn",NA,NA,"Vmn1r43","Tatdn3"
"671","Scd1","Pou6f1",NA,NA,"Vps37b","Tbc1d2"
"672","Scd2","Ppargc1a",NA,NA,"Wars1","Tbc1d8"
"673","Sdf2l1","Ppfibp2",NA,NA,"Wdr12","Tcaf1"
"674","Sele","Ppm1k",NA,NA,"Wdr5","Tcea3"
"675","Sema6d","Ppp1r16b",NA,NA,"Wdr74","Tcf4"
"676","Septin11","Ppp1r3c",NA,NA,"Wdr75","Tcf7"
"677","Septin6","Prelp",NA,NA,"Wdr83os","Tec"
"678","Serpinb9b","Prkce",NA,NA,"Wdr90","Tenm3"
"679","Serpine1","Prkd2",NA,NA,"Wwtr1","Tesmin"
"680","Serpinf1","Prnp",NA,NA,"Xbp1","Tex15"
"681","Set","Pros1",NA,NA,"Xlr3a","Tgfb1i1"
"682","Setdb2","Prrg2",NA,NA,"Xpo1","Thbs3"
"683","Sfpq","Prrt2",NA,NA,"Xpo4","Thnsl2"
"684","Sfrp1","Prtg",NA,NA,"Xpot","Thpo"
"685","Sgo1","Prune1",NA,NA,"Xrcc3","Thsd1"
"686","Sgo2a","Psap",NA,NA,"Yae1d1","Tia1"
"687","Sh3bgrl2","Psmb8",NA,NA,"Ybx3","Timp3"
"688","Shcbp1","Psmb9",NA,NA,"Yrdc","Tlr4"
"689","Shmt2","Ptgds",NA,NA,"Yy2","Tm6sf2"
"690","Sigmar1","Ptprv",NA,NA,"Zc3h8","Tmc4"
"691","Ska1","Pygo1",NA,NA,"Zdhhc2","Tmco6"
"692","Ska2","Rab3il1",NA,NA,"Zfand2a","Tmem143"
"693","Ska3","Rab40b",NA,NA,"Zfand4","Tmem145"
"694","Skp2","Rad9b",NA,NA,"Zfp469","Tmem19"
"695","Slc25a24","Ralgds",NA,NA,"Zfp473","Tmem191"
"696","Slc29a2","Ralgps1",NA,NA,"Zfp593","Tmem198b"
"697","Slc35b1","Rapsn",NA,NA,"Zfp819","Tmem253"
"698","Slc39a10","Rarres2",NA,NA,"Zfp850","Tmem255a"
"699","Slc7a1","Rasl12",NA,NA,"Zfp978","Tmem80"
"700","Slc7a5","Rassf4",NA,NA,"Zfp979","Tmie"
"701","Slco4a1","Rbm24",NA,NA,"Znhit6","Tnip1"
"702","Slfn9","Rdh9",NA,NA,"Zscan4b","Tnr"
"703","Smc2","Rdm1",NA,NA,NA,"Tns2"
"704","Smc4","Reep2",NA,NA,NA,"Tob1"
"705","Smim3","Relb",NA,NA,NA,"Trim13"
"706","Smpd3","Rell2",NA,NA,NA,"Trim7"
"707","Smpdl3b","Resf1",NA,NA,NA,"Triqk"
"708","Smtn","Rev3l",NA,NA,NA,"Trp53inp2"
"709","Smyd5","Rfx5",NA,NA,NA,"Trpt1"
"710","Snrnp25","Rgcc",NA,NA,NA,"Trpv2"
"711","Snrnp40","Rgma",NA,NA,NA,"Tsc22d3"
"712","Snrpa1","Rgs9bp",NA,NA,NA,"Tsga10"
"713","Snrpd1","Rhd",NA,NA,NA,"Tshz1"
"714","Snrpd3","Rigi",NA,NA,NA,"Tspan17"
"715","Snrpf","Rin2",NA,NA,NA,"Tspan3"
"716","Socs5","Rnase1",NA,NA,NA,"Tspyl1"
"717","Spag5","Rnase4",NA,NA,NA,"Tspyl4"
"718","Spc24","Rnasel",NA,NA,NA,"Tstd1"
"719","Spc25","Rnf122",NA,NA,NA,"Ttc38"
"720","Spcs3","Rnf152",NA,NA,NA,"Ttll7"
"721","Spdl1","Rnf167",NA,NA,NA,"Tuba8"
"722","Sprr2d","Rnf207",NA,NA,NA,"Tubb2a"
"723","Spry2","Rom1",NA,NA,NA,"Tubb2b"
"724","Spry4","Rora",NA,NA,NA,"Tulp4"
"725","Sptbn4","Rorc",NA,NA,NA,"Tyro3"
"726","Spx","Rsph9",NA,NA,NA,"Ube2h"
"727","Srm","Rtn4r",NA,NA,NA,"Ugcg"
"728","Srpk1","Rtp4",NA,NA,NA,"Ulk2"
"729","Ssrp1","Rubcnl",NA,NA,NA,"Uqcc3"
"730","St3gal1","Rufy4",NA,NA,NA,"Ush1g"
"731","Stard4","Rundc3a",NA,NA,NA,"Ushbp1"
"732","Stc1","S100a7a",NA,NA,NA,"Usp35"
"733","Steap1","S1pr2",NA,NA,NA,"Utrn"
"734","Stil","Sash1",NA,NA,NA,"Vcam1"
"735","Stip1","Sbk2",NA,NA,NA,"Vcan"
"736","Stmn1","Scg2",NA,NA,NA,"Vegfd"
"737","Stox2","Scml4",NA,NA,NA,"Vill"
"738","Suv39h2","Scn1b",NA,NA,NA,"Vim"
"739","Swap70","Scx",NA,NA,NA,"Vmac"
"740","Syde1","Sdc2",NA,NA,NA,"Vtn"
"741","Syn1","Sdf2",NA,NA,NA,"Wdr13"
"742","Syncrip","Sdk2",NA,NA,NA,"Wdr91"
"743","Synj2","Sec14l2",NA,NA,NA,"Wnk4"
"744","Tacc3","Sec31b",NA,NA,NA,"Wnt2b"
"745","Taf6l","Selenbp1",NA,NA,NA,"Wnt4"
"746","Tagln2","Selenop",NA,NA,NA,"Wnt5b"
"747","Tamm41","Sema3b",NA,NA,NA,"Wtip"
"748","Tbc1d1","Sema3c",NA,NA,NA,"Xntrpc"
"749","Tbc1d9","Sema3f",NA,NA,NA,"Ythdc1"
"750","Tcf19","Sema6c",NA,NA,NA,"Zbtb20"
"751","Tcof1","Septin4",NA,NA,NA,"Zbtb4"
"752","Tead4","Serinc3",NA,NA,NA,"Zer1"
"753","Tedc1","Serinc5",NA,NA,NA,"Zfand1"
"754","Tes","Serpina3k",NA,NA,NA,"Zfp108"
"755","Tex30","Serpina3m",NA,NA,NA,"Zfp112"
"756","Tfdp1","Serpina3n",NA,NA,NA,"Zfp14"
"757","Thap12","Serpinb8",NA,NA,NA,"Zfp174"
"758","Ticrr","Serpinb9",NA,NA,NA,"Zfp229"
"759","Tigar","Sesn1",NA,NA,NA,"Zfp28"
"760","Timeless","Sesn3",NA,NA,NA,"Zfp287"
"761","Timm8a1","Setbp1",NA,NA,NA,"Zfp296"
"762","Tinagl1","Sgsm2",NA,NA,NA,"Zfp30"
"763","Tinf2","Shank2",NA,NA,NA,"Zfp316"
"764","Tipin","Siae",NA,NA,NA,"Zfp354c"
"765","Tjp2","Sirt3",NA,NA,NA,"Zfp455"
"766","Tk1","Sirt5",NA,NA,NA,"Zfp456"
"767","Tm7sf2","Six5",NA,NA,NA,"Zfp524"
"768","Tmem171","Skap2",NA,NA,NA,"Zfp536"
"769","Tmem200a","Slc12a6",NA,NA,NA,"Zfp579"
"770","Tmem97","Slc13a3",NA,NA,NA,"Zfp580"
"771","Tmod2","Slc15a2",NA,NA,NA,"Zfp60"
"772","Tmpo","Slc16a10",NA,NA,NA,"Zfp618"
"773","Tnfaip2","Slc17a5",NA,NA,NA,"Zfp661"
"774","Tnfaip8l1","Slc22a18",NA,NA,NA,"Zfp667"
"775","Tnfrsf12a","Slc25a23",NA,NA,NA,"Zfp708"
"776","Tnfrsf21","Slc25a27",NA,NA,NA,"Zfp750"
"777","Tnnt2","Slc25a42",NA,NA,NA,"Zfp78"
"778","Tonsl","Slc25a45",NA,NA,NA,"Zfp866"
"779","Top2a","Slc2a12",NA,NA,NA,"Zfp874a"
"780","Topbp1","Slc2a8",NA,NA,NA,"Zfp879"
"781","Tpm3","Slc31a2",NA,NA,NA,"Zfp882"
"782","Tpx2","Slc35f3",NA,NA,NA,"Zfp945"
"783","Traip","Slc41a3",NA,NA,NA,"Zfp968"
"784","Trhde","Slc43a2",NA,NA,NA,"Zfp974"
"785","Trim16","Slc44a1",NA,NA,NA,"Zfyve1"
"786","Trim54","Slc45a3",NA,NA,NA,"Zhx1"
"787","Trim59","Slc46a3",NA,NA,NA,"Zmat1"
"788","Trim9","Slc7a4",NA,NA,NA,"Zmym6"
"789","Trip13","Slc8b1",NA,NA,NA,"Zscan26"
"790","Troap","Slco2b1",NA,NA,NA,NA
"791","Tsr1","Slfn8",NA,NA,NA,NA
"792","Ttc39b","Slitrk6",NA,NA,NA,NA
"793","Ttk","Slx1b",NA,NA,NA,NA
"794","Tuba1b","Smarca2",NA,NA,NA,NA
"795","Tuba1c","Smim1",NA,NA,NA,NA
"796","Tubb3","Snai2",NA,NA,NA,NA
"797","Tubb4b","Snrk",NA,NA,NA,NA
"798","Tubb6","Sntb1",NA,NA,NA,NA
"799","Tubg1","Snx15",NA,NA,NA,NA
"800","Twist2","Snx32",NA,NA,NA,NA
"801","Tyms","Socs3",NA,NA,NA,NA
"802","Ubash3b","Sorbs3",NA,NA,NA,NA
"803","Ube2c","Sorcs2",NA,NA,NA,NA
"804","Ube2ql1","Sord",NA,NA,NA,NA
"805","Ube2s","Sort1",NA,NA,NA,NA
"806","Ube2t","Sox12",NA,NA,NA,NA
"807","Ublcp1","Sox21",NA,NA,NA,NA
"808","Uck2","Sox6",NA,NA,NA,NA
"809","Uhrf1","Sp100",NA,NA,NA,NA
"810","Umps","Sp6",NA,NA,NA,NA
"811","Uso1","Spag6",NA,NA,NA,NA
"812","Usp1","Spata2l",NA,NA,NA,NA
"813","Usp10","Speg",NA,NA,NA,NA
"814","Usp17la","Spn",NA,NA,NA,NA
"815","Utp6","Spock1",NA,NA,NA,NA
"816","Vgf","Spsb2",NA,NA,NA,NA
"817","Vrk1","Ssc5d",NA,NA,NA,NA
"818","Wdhd1","Sstr2",NA,NA,NA,NA
"819","Wdr36","Stap2",NA,NA,NA,NA
"820","Wdr43","Stat1",NA,NA,NA,NA
"821","Wdr46","Stat3",NA,NA,NA,NA
"822","Wdr62","Stat5a",NA,NA,NA,NA
"823","Wdr76","Sting1",NA,NA,NA,NA
"824","Wdr77","Stoml1",NA,NA,NA,NA
"825","Wif1","Stra6l",NA,NA,NA,NA
"826","Wnk3","Sugct",NA,NA,NA,NA
"827","Wnt7a","Sulf1",NA,NA,NA,NA
"828","Wnt7b","Sulf2",NA,NA,NA,NA
"829","Wwc1","Susd6",NA,NA,NA,NA
"830","Xkr5","Sv2a",NA,NA,NA,NA
"831","Xpo5","Svil",NA,NA,NA,NA
"832","Xrcc2","Svop",NA,NA,NA,NA
"833","Xrcc6","Syngap1",NA,NA,NA,NA
"834","Ywhag","Syngr3",NA,NA,NA,NA
"835","Ywhah","Syp",NA,NA,NA,NA
"836","Zfp101","Syt3",NA,NA,NA,NA
"837","Zfp367","Tap1",NA,NA,NA,NA
"838","Zfp36l2","Tap2",NA,NA,NA,NA
"839","Zfp961","Tapbp",NA,NA,NA,NA
"840","Zgrf1","Tbx6",NA,NA,NA,NA
"841","Zmiz1","Tcn2",NA,NA,NA,NA
"842","Zmynd19","Tcp11l2",NA,NA,NA,NA
"843","Znrd2","Tcp11x2",NA,NA,NA,NA
"844","Zwilch","Tcta",NA,NA,NA,NA
"845",NA,"Tctn1",NA,NA,NA,NA
"846",NA,"Tek",NA,NA,NA,NA
"847",NA,"Tesc",NA,NA,NA,NA
"848",NA,"Tet1",NA,NA,NA,NA
"849",NA,"Tgfb1",NA,NA,NA,NA
"850",NA,"Tgfb2",NA,NA,NA,NA
"851",NA,"Tgfbi",NA,NA,NA,NA
"852",NA,"Tgfbr2",NA,NA,NA,NA
"853",NA,"Tgfbr3",NA,NA,NA,NA
"854",NA,"Tgfbr3l",NA,NA,NA,NA
"855",NA,"Tgif2",NA,NA,NA,NA
"856",NA,"Tgm2",NA,NA,NA,NA
"857",NA,"Tgtp1",NA,NA,NA,NA
"858",NA,"Tgtp2",NA,NA,NA,NA
"859",NA,"Thra",NA,NA,NA,NA
"860",NA,"Thsd4",NA,NA,NA,NA
"861",NA,"Tifa",NA,NA,NA,NA
"862",NA,"Tlcd1",NA,NA,NA,NA
"863",NA,"Tle2",NA,NA,NA,NA
"864",NA,"Tle6",NA,NA,NA,NA
"865",NA,"Tlr2",NA,NA,NA,NA
"866",NA,"Tlr6",NA,NA,NA,NA
"867",NA,"Tmem140",NA,NA,NA,NA
"868",NA,"Tmem151a",NA,NA,NA,NA
"869",NA,"Tmem175",NA,NA,NA,NA
"870",NA,"Tmem176a",NA,NA,NA,NA
"871",NA,"Tmem176b",NA,NA,NA,NA
"872",NA,"Tmem182",NA,NA,NA,NA
"873",NA,"Tmem205",NA,NA,NA,NA
"874",NA,"Tmem218",NA,NA,NA,NA
"875",NA,"Tmem221",NA,NA,NA,NA
"876",NA,"Tmem229b",NA,NA,NA,NA
"877",NA,"Tmem240",NA,NA,NA,NA
"878",NA,"Tmem25",NA,NA,NA,NA
"879",NA,"Tmem276",NA,NA,NA,NA
"880",NA,"Tmem35b",NA,NA,NA,NA
"881",NA,"Tmem38a",NA,NA,NA,NA
"882",NA,"Tmem43",NA,NA,NA,NA
"883",NA,"Tmem44",NA,NA,NA,NA
"884",NA,"Tmem47",NA,NA,NA,NA
"885",NA,"Tmem50a",NA,NA,NA,NA
"886",NA,"Tmem53",NA,NA,NA,NA
"887",NA,"Tmem59",NA,NA,NA,NA
"888",NA,"Tmem67",NA,NA,NA,NA
"889",NA,"Tmem86a",NA,NA,NA,NA
"890",NA,"Tmem8b",NA,NA,NA,NA
"891",NA,"Tmprss2",NA,NA,NA,NA
"892",NA,"Tmtc1",NA,NA,NA,NA
"893",NA,"Tmub2",NA,NA,NA,NA
"894",NA,"Tnfrsf14",NA,NA,NA,NA
"895",NA,"Tnfrsf1b",NA,NA,NA,NA
"896",NA,"Tnfrsf25",NA,NA,NA,NA
"897",NA,"Tnfsf12",NA,NA,NA,NA
"898",NA,"Tnfsf13",NA,NA,NA,NA
"899",NA,"Tnfsfm13",NA,NA,NA,NA
"900",NA,"Tnik",NA,NA,NA,NA
"901",NA,"Tnnc1",NA,NA,NA,NA
"902",NA,"Tnnt1",NA,NA,NA,NA
"903",NA,"Tox3",NA,NA,NA,NA
"904",NA,"Tpcn1",NA,NA,NA,NA
"905",NA,"Traf3ip3",NA,NA,NA,NA
"906",NA,"Trafd1",NA,NA,NA,NA
"907",NA,"Trim12c",NA,NA,NA,NA
"908",NA,"Trim17",NA,NA,NA,NA
"909",NA,"Trim21",NA,NA,NA,NA
"910",NA,"Trim30a",NA,NA,NA,NA
"911",NA,"Trim34a",NA,NA,NA,NA
"912",NA,"Trim34b",NA,NA,NA,NA
"913",NA,"Trnp1",NA,NA,NA,NA
"914",NA,"Trp53inp1",NA,NA,NA,NA
"915",NA,"Trpm3",NA,NA,NA,NA
"916",NA,"Trpm4",NA,NA,NA,NA
"917",NA,"Tspan32",NA,NA,NA,NA
"918",NA,"Tspan5",NA,NA,NA,NA
"919",NA,"Ttc41",NA,NA,NA,NA
"920",NA,"Ttll13",NA,NA,NA,NA
"921",NA,"Ttll6",NA,NA,NA,NA
"922",NA,"Tubb4a",NA,NA,NA,NA
"923",NA,"Tulp2",NA,NA,NA,NA
"924",NA,"Txlnb",NA,NA,NA,NA
"925",NA,"Txndc16",NA,NA,NA,NA
"926",NA,"Txnip",NA,NA,NA,NA
"927",NA,"Uba7",NA,NA,NA,NA
"928",NA,"Ube2l6",NA,NA,NA,NA
"929",NA,"Ubxn11",NA,NA,NA,NA
"930",NA,"Ugt1a6a",NA,NA,NA,NA
"931",NA,"Ugt1a6b",NA,NA,NA,NA
"932",NA,"Usp11",NA,NA,NA,NA
"933",NA,"Usp18",NA,NA,NA,NA
"934",NA,"Uty",NA,NA,NA,NA
"935",NA,"Vamp1",NA,NA,NA,NA
"936",NA,"Vamp2",NA,NA,NA,NA
"937",NA,"Vipr2",NA,NA,NA,NA
"938",NA,"Vps37d",NA,NA,NA,NA
"939",NA,"Vsig10",NA,NA,NA,NA
"940",NA,"Vsig10l",NA,NA,NA,NA
"941",NA,"Vsir",NA,NA,NA,NA
"942",NA,"Vwa1",NA,NA,NA,NA
"943",NA,"Vwa5a",NA,NA,NA,NA
"944",NA,"Vwa7",NA,NA,NA,NA
"945",NA,"Vwf",NA,NA,NA,NA
"946",NA,"Wdr93",NA,NA,NA,NA
"947",NA,"Wls",NA,NA,NA,NA
"948",NA,"Xaf1",NA,NA,NA,NA
"949",NA,"Xdh",NA,NA,NA,NA
"950",NA,"Yipf2",NA,NA,NA,NA
"951",NA,"Ypel1",NA,NA,NA,NA
"952",NA,"Ypel2",NA,NA,NA,NA
"953",NA,"Ypel3",NA,NA,NA,NA
"954",NA,"Ypel4",NA,NA,NA,NA
"955",NA,"Zbp1",NA,NA,NA,NA
"956",NA,"Zc3h6",NA,NA,NA,NA
"957",NA,"Zcchc12",NA,NA,NA,NA
"958",NA,"Zcchc24",NA,NA,NA,NA
"959",NA,"Zcwpw1",NA,NA,NA,NA
"960",NA,"Zeb2",NA,NA,NA,NA
"961",NA,"Zfp219",NA,NA,NA,NA
"962",NA,"Zfp36",NA,NA,NA,NA
"963",NA,"Zfp36l1",NA,NA,NA,NA
"964",NA,"Zfp467",NA,NA,NA,NA
"965",NA,"Zfp607b",NA,NA,NA,NA
"966",NA,"Zfp608",NA,NA,NA,NA
"967",NA,"Zfp688",NA,NA,NA,NA
"968",NA,"Zfp773",NA,NA,NA,NA
"969",NA,"Zfp784",NA,NA,NA,NA
"970",NA,"Zfp874b",NA,NA,NA,NA
"971",NA,"Zfp949",NA,NA,NA,NA
"972",NA,"Zfp954",NA,NA,NA,NA
"973",NA,"Zfp964",NA,NA,NA,NA
"974",NA,"Zfp977",NA,NA,NA,NA
"975",NA,"Zfr2",NA,NA,NA,NA
"976",NA,"Zhx2",NA,NA,NA,NA
"977",NA,"Zkscan14",NA,NA,NA,NA
"978",NA,"Zkscan2",NA,NA,NA,NA
"979",NA,"Zmynd10",NA,NA,NA,NA
"980",NA,"Zscan2",NA,NA,NA,NA
